request_id,amount_safe_to_pay,affordability_status,recommended_payment_method,payment_plan,earliest_date_for_full_payment,spending_changes_needed,decision_explanation
request_26,15656000.0,affordable_now,full_payment,2025-08-03:15656000.0,2025-08-03,none,"**Recommendation:** You can safely make the full payment of **IDR 15,656,000.00 on August 3, 2025**, as your available balance after maintaining the required minimum of IDR 24,768,300.00 comfortably covers this amount. No changes to your current spending plan are needed."
request_27,6670.0,affordable_now,full_payment,2026-07-05:6670.0,2026-07-05,none,"**Proceed with the full payment of ZAR 6,670.00 today**, as your current balance of ZAR 93,141.80 comfortably covers this amount while still leaving ZAR 86,471.80 — well above your minimum reserve of ZAR 20,500.00. No adjustments to your current spending are necessary, and the payment is scheduled for **2026-07-05**."
request_28,270.26,not_affordable,not_recommended,none,,stop:event_2513|stop:event_2512,"**Do not proceed with the EUR 1,302.40 purchase**, as it would drop your balance well below your EUR 1,100.00 minimum threshold, leaving you with only EUR 487.00. Instead, limit any discretionary spending to a maximum of **EUR 270.26 today** and cancel or postpone events **#2512 and #2513** immediately to protect your financial buffer."
request_29,51524.0,affordable_now,full_payment,2025-11-04:51524.0,2025-11-04,none,"**Pay the full amount of ZAR 51,524.00 on November 4, 2025, as your current balance of ZAR 113,540.10 comfortably covers this payment while leaving ZAR 62,016.10 — well above your minimum reserve of ZAR 28,300.00.** No adjustments to your current spending habits are necessary."
request_30,775.2,affordable_with_plan,installments,2026-04-06:268.74|2026-05-06:268.74|2026-06-05:268.74,2026-04-06,none,"Based on your current balance of **$3,752.72**, your requested **$775.20** is approved as affordable via an installment plan — pay **$268.74 on April 6, May 6, and June 5, 2026** to spread the cost while keeping your balance safely above your $900.00 minimum threshold. Stick to your current spending habits, as no changes are needed to support this plan."
request_31,10667244.35,affordable_later,wait,2024-09-14:18164000.0,2024-09-14,reduce_to:event_2828:323950|reduce_to:event_2829:323950|reduce_to:event_2830:323950,"**Wait until September 14, 2024 to make this IDR 18,164,000 purchase**, as your current safe-to-spend amount of IDR 10,667,244 is insufficient today. In the meantime, reduce spending on events 2828, 2829, and 2830 to IDR 323,950 each to free up the necessary funds by that date."
request_32,12423.32,not_affordable,not_recommended,none,,stop:event_2863|reduce_to:event_2929:1181|reduce_to:event_2926:1181,"Based on your current balance of ZAR 69,005.80, the requested ZAR 40,018.00 is **not recommended** as it would leave insufficient buffer above your ZAR 35,700.00 minimum — instead, limit discretionary spending to **ZAR 12,423.32 today**, cancel event_2863 entirely, and reduce both event_2929 and event_2926 to **ZAR 1,181.00 each**."
request_33,34489.86,not_affordable,not_recommended,none,,stop:event_2966|stop:event_2967|reduce_to:event_2969:2060,"**Do not proceed with the INR 118,000.00 expense today**, as your available buffer is only INR 34,489.86 (balance INR 167,280.00 minus your INR 102,100.00 minimum reserve), leaving you INR 83,510.14 short. Instead, immediately cancel or pause events **2966** and **2967**, and reduce event **2969** to INR 2,060.00 to protect your financial floor."
request_34,129400.0,affordable_now,full_payment,2024-12-04:129400.0,2024-12-04,none,"**Pay the full amount of INR 1,29,400.00 today (December 4, 2024), as your balance of INR 5,59,752.50 comfortably covers this payment while retaining INR 4,30,352.50 — well above your minimum reserve of INR 1,38,500.00.** No adjustments to your current spending are necessary."
request_35,18102.82,not_affordable,not_recommended,none,,reduce_to:event_3228:2420|reduce_to:event_3227:2420|reduce_to:event_3223:2420,"Based on your current balance, spending INR 212,000.00 is not recommended as it would leave you below your minimum reserve — you can safely spend only **INR 18,102.82 today**. Consider reducing your planned expenses (events 3228, 3227, and 3223) to **INR 2,420 each** to stay financially on track."
request_36,441.56,not_affordable,not_recommended,none,,reduce_to:event_3303:64|reduce_to:event_3296:64|reduce_to:event_3306:64,"Based on your current balance of **$3,846.60**, the requested **$3,954.00** is not affordable, as it would drop you below your minimum reserve of **$2,400.00** (you only have **$441.56** safely available today). To improve affordability, consider reducing **events 3303, 3296, and 3306 to $64.00 each**, which would help bring your spending in line with your available funds."
request_37,0.0,not_affordable,not_recommended,none,,reduce_to:event_3340:203300,"**Do not proceed with the IDR 14,649,000.00 request today**, as your available buffer above the minimum reserve is only IDR 12,068,800.00 (IDR 29,125,000.00 − IDR 17,056,200.00), which falls short of the requested amount. Instead, reduce your spending on event #3340 to **IDR 203,300.00** and revisit a larger withdrawal only after your balance has recovered sufficiently above the IDR 17,056,200."
request_38,283.7,affordable_later,wait,2025-10-13:971.3,2025-10-13,stop:event_3448|reduce_to:event_3483:12|reduce_to:event_3484:12,"**Wait until October 13, 2025 to make your EUR 971.30 purchase**, and in the meantime stop spending on event_3448 entirely while reducing event_3483 and event_3484 to EUR 12 each to protect your EUR 400.00 minimum balance."
request_39,153228.8,affordable_later,wait,2026-04-14:208600.0,2026-04-14,reduce_to:event_3529:2790,"**Recommendation:** Your requested amount of ₹2,08,600 is not immediately available today (safe spending limit: ₹1,53,228.80), but will be affordable by **April 14, 2026** — in the meantime, reduce your spending on **event #3529 to ₹2,790** to stay on track and protect your minimum reserve of ₹2,13,400."
request_40,186.89,not_affordable,not_recommended,none,,reduce_to:event_3704:36|reduce_to:event_3707:36|reduce_to:event_3706:36,"**Recommendation:** Your requested amount of €1,290.30 is not affordable today, as it would leave you below your minimum balance threshold — you can safely spend only **€186.89 right now**. To make this purchase viable, consider reducing spending on events 3704, 3706, and 3707 to **€36 each**, which would help free up the necessary funds."
request_41,7428204.96,affordable_later,wait,2025-11-14:38760000.0,2025-11-14,reduce_to:event_3830:578550|reduce_to:event_3822:578550|reduce_to:event_3825:578550,"**You cannot afford the IDR 38,760,000.00 purchase today, but you can proceed on November 14, 2025** — provided you reduce spending on events #3830, #3822, and #3825 to IDR 578,550 each. Making these adjustments will free up enough funds while keeping your balance safely above your IDR 25,366,600.00 minimum threshold."
request_42,13750.77,not_affordable,not_recommended,none,,reduce_to:event_3948:2695|reduce_to:event_3954:2695|reduce_to:event_3956:2695,"Based on your current balance, the requested INR 52,100.00 is not recommended today, as only INR 13,750.77 is safely available. Consider reducing Event 3948, Event 3954, and Event 3956 to INR 2,695.00 each to stay within safe spending limits."
request_43,12739500.0,not_affordable,not_recommended,none,,stop:event_3982|reduce_to:event_4008:493050|reduce_to:event_4011:493050,"Based on your current balance of IDR 36,640,750 and a minimum reserve of IDR 21,398,000, you can only safely spend IDR 12,739,500 today — well short of the IDR 43,339,000 requested — so it is recommended that you **cancel event_3982 entirely** and **reduce both event_4008 and event_4011 to IDR 493,050 each** to stay within your financial limits."
request_44,1366.64,not_affordable,not_recommended,none,,reduce_to:event_4107:2020|reduce_to:event_4112:2020|reduce_to:event_4108:2020,"**You cannot afford the requested INR 95,800.00 today**, as only INR 1,366.64 is safely available above your INR 82,900.00 reserve. To make progress toward this goal, consider reducing spending on events 4107, 4112, and 4108 to INR 2,020 each."
request_45,5206605.0,affordable_later,wait,2026-09-13:21983000.0,2026-09-13,stop:event_4144|reduce_to:event_4180:356250|reduce_to:event_4189:356250,"**You cannot afford the IDR 21,983,000 request today, but you can by September 13, 2026** — to get there, stop spending on event_4144 entirely and reduce both event_4180 and event_4189 to IDR 356,250 each."
request_46,21481.54,affordable_with_plan,partial_payment,2024-12-03:21481.54|2024-12-15:27968.46,2024-12-15,stop:event_4224|stop:event_4223,"**Pay INR 21,481.54 today (December 3rd), followed by INR 27,968.46 on December 15th, to safely cover the full INR 49,450.00 — and cancel events 4223 and 4224 immediately to protect your INR 84,000.00 minimum balance.**"
request_47,38114000.0,affordable_now,full_payment,2025-05-05:38114000.0,2025-05-05,none,"**You can safely proceed with the full payment of IDR 38,114,000 on May 5, 2025**, as your balance of IDR 112,924,150 will remain well above your minimum threshold of IDR 30,049,000 — leaving you with approximately IDR 74,810,150 after the transaction. No adjustments to your current spending plan are needed."
request_48,41154.52,not_affordable,not_recommended,none,,stop:event_4451|reduce_to:event_4452:925,"**Do not proceed with the INR 45,700.00 request today**, as your safe-to-spend amount is only INR 41,154.52, leaving a shortfall of INR 4,545.48 against your required minimum balance of INR 71,300.00. To improve your position, **cancel event_4451 entirely and reduce event_4452 spending to INR 925.00** before reconsidering this expense."
request_49,0.0,not_affordable,not_recommended,none,,reduce_to:event_4634:696350|reduce_to:event_4636:696350|reduce_to:event_4569:368600,"Your requested IDR 34,333,000.00 is not recommended as it would drop your balance below the minimum threshold, so instead consider reducing your spending to **IDR 696,350 for events 4634 and 4636**, and **IDR 368,600 for event 4569** to stay financially safe."
request_50,33752.16,not_affordable,not_recommended,none,,stop:event_4679|reduce_to:event_4680:1928,"**Do not proceed with the INR 43,900.00 request today**, as your safely spendable amount is only INR 33,752.16 — approving this would risk dropping below your minimum reserve of INR 99,700.00. Instead, cancel event_4679 entirely and reduce event_4680 to INR 1,928.00 to free up room for future essential spending."
request_51,2191000.0,affordable_now,full_payment,2026-01-03:2191000.0,2026-01-03,none,"**You can safely spend the full IDR 2,191,000 today (January 3, 2026) via a single full payment, as your remaining balance of IDR 33,156,700 will still comfortably exceed your minimum keep threshold of IDR 7,811,000.** No adjustments to your current spending habits are needed at this time."
request_52,18507.7,affordable_later,wait,2024-06-14:28870.0,2024-06-14,stop:event_4858|reduce_to:event_4882:1250|reduce_to:event_4883:1250,"**Wait until June 14, 2024 to make this INR 28,870.00 purchase.** In the meantime, cancel event_4858 entirely and reduce spending on event_4882 and event_4883 to INR 1,250.00 each to free up the necessary funds while keeping your balance above the INR 41,500.00 minimum threshold."
request_53,764.16,not_affordable,not_recommended,none,,stop:event_4925|reduce_to:event_4992:44|reduce_to:event_4986:44,"**Do not proceed with the $1,699.20 purchase**, as it exceeds your safe-to-spend amount of $764.16 and would push your balance dangerously close to (or below) your $2,100.00 minimum reserve. Instead, cancel event_4925 entirely and reduce event_4992 and event_4986 to $44.00 each to regain financial stability."
request_54,5314.38,not_affordable,not_recommended,none,,stop:event_5024,"**Do not proceed with this ZAR 121,528.00 purchase**, as it far exceeds your available safe spending of ZAR 5,314.38 today and would critically breach your ZAR 37,000.00 minimum balance reserve. Immediately cancel or defer event_5024 and limit any discretionary spending to no more than **ZAR 5,314.38** until your balance improves."
request_55,152330.76,not_affordable,not_recommended,none,2026-08-13,stop:event_5101|stop:event_5102|reduce_to:event_5163:2750,"**Do not proceed with the INR 218,600.00 request today**, as your spendable balance of INR 152,330.76 falls short by INR 66,269.24 after protecting your INR 124,300.00 minimum reserve. Immediately cancel events 5101 and 5102, and reduce event 5163 to INR 2,750.00 to stabilize your cash position."
request_56,683.52,affordable_with_plan,installments,2025-02-03:458.42|2025-03-03:458.42,2025-02-14,stop:event_5211|reduce_to:event_5210:24|reduce_to:event_5251:54,"**Recommendation:** Approve the $881.56 request via 2 installments — **$458.42 on Feb 3, 2025** and **$458.42 on Mar 3, 2025** — to stay above your $2,100.00 minimum balance. To support this plan, **stop spending on event_5211**, reduce **event_5210 to $24**, and reduce **event_5251 to $54**."
request_57,9333.23,not_affordable,not_recommended,none,,stop:event_5281|stop:event_5282|reduce_to:event_5283:713,"**Do not proceed with the ZAR 61,446.00 purchase today**, as your available safe spending is only ZAR 9,333.23 (balance of ZAR 63,914.60 minus your ZAR 42,700.00 reserve, minus buffer). Instead, cancel events 5281 and 5282 entirely, cap event 5283 at ZAR 713.00, and revisit larger discretionary spending only once your balance supports it without breaching your ZAR 42,700"
request_58,8844029.18,not_affordable,not_recommended,none,,stop:event_5358|stop:event_5357,"**Do not proceed with the IDR 16,226,000.00 purchase today**, as it exceeds your safe-to-spend amount of IDR 8,844,029.18 and would risk breaching your minimum balance threshold of IDR 14,433,900.00. Instead, immediately cancel or pause spending on event_5358 and event_5357 to reassess your budget before committing to any further expenses."
request_59,140600.0,affordable_with_plan,installments,2025-05-07:48741.33|2025-06-04:48741.33|2025-07-02:48741.33,2025-05-04,none,"**Recommendation:** You can proceed with your INR 140,600.00 request, structured as 3 equal installments of **INR 48,741.33** on **May 7, June 4, and July 2, 2025**, ensuring your balance stays comfortably above the minimum threshold of INR 132,600.00 throughout. No changes to your current spending pattern are required."
request_60,84.9,not_affordable,not_recommended,none,,stop:event_5574|stop:event_5575,"**Do not proceed with the $199.89 purchase today**, as it exceeds your safe-to-spend amount of $84.90 and would risk dropping your balance below your $400.00 minimum threshold. Instead, cancel events #5574 and #5575 to free up funds, and revisit this expense only after your next income deposit brings your available balance above $599.89."
request_61,29062.0,affordable_with_plan,installments,2024-03-17:10074.83|2024-04-17:10074.83|2024-05-18:10074.83,2024-03-03,none,"**Recommendation:** Approve the ZAR 29,062.00 request via 3 equal installments of ZAR 10,074.83, due on March 17, April 17, and May 18, 2024. This structured plan keeps your balance safely above the ZAR 36,700.00 minimum threshold throughout the repayment period."
request_62,404.23,affordable_now,full_payment,2025-08-05:404.23,2025-08-05,none,"**Recommendation:** Go ahead and make the full payment of **$404.23 on August 5, 2025**, as your balance will comfortably cover it, leaving you **$3,447.21** — well above your minimum reserve of $1,300.00. No changes to your current spending are necessary."
request_63,56546.59,affordable_with_plan,partial_payment,2026-07-07:56546.59|2026-08-14:287353.41,2026-08-14,stop:event_5827|reduce_to:event_5828:3184,"**Pay INR 56,546.59 today (July 7, 2026) and the remaining INR 287,353.41 by August 14, 2026.** To make this work, immediately cancel event\_5827 and reduce spending on event\_5828 to INR 3,184."
request_64,39338.1,not_affordable,not_recommended,none,,reduce_to:event_5949:530|reduce_to:event_5951:950,"**You cannot afford the requested INR 63,700.00 today, as only INR 39,338.10 is safely available after protecting your INR 36,100.00 minimum reserve.** Consider reducing your spending on event_5949 to INR 530 and event_5951 to INR 950 to stay within safe limits."
request_65,7224.46,not_affordable,not_recommended,none,,reduce_to:event_6074:370|reduce_to:event_6112:463|reduce_to:event_6111:463,"Based on your current balance of ZAR 28,524.00 and a safe spending limit of ZAR 7,224.46 today, the requested ZAR 54,340.00 is not affordable; instead, reduce your spending on event_6074 to ZAR 370, event_6112 to ZAR 463, and event_6111 to ZAR 463 to stay within your budget while protecting your minimum balance of ZAR 15,500.00."
request_66,22200.0,affordable_now,full_payment,2026-04-03:22200.0,2026-04-03,none,"**Recommendation:** You can comfortably make the full payment of **INR 22,200.00 on April 3, 2026**, as your available balance of **INR 302,520.00** leaves **INR 280,320.00** after the transaction — well above your minimum reserve of **INR 80,700.00**. No adjustments to your current spending are necessary."
request_67,373.7,affordable_later,wait,2024-09-14:2094.0,2024-09-14,reduce_to:event_6281:39|reduce_to:event_6283:39|reduce_to:event_6223:20,"**Wait until September 14, 2024 to make your $2,094.00 purchase**, and in the meantime reduce spending on events 6281 and 6283 to $39 each and event 6223 to $20 to build the necessary buffer above your $1,200.00 minimum balance."
request_68,888.13,not_affordable,not_recommended,none,,stop:event_6330|reduce_to:event_6331:25,"**Do not proceed with the $2,091.60 purchase today**, as it exceeds your safe-to-spend amount of $888.13 and would drop your balance below your $1,500.00 minimum threshold. Instead, cancel event_6330 entirely and reduce event_6331 spending to $25.00 to protect your financial cushion."
request_69,0.0,not_affordable,not_recommended,none,,none,Unable to determine affordability.
request_70,60782.72,not_affordable,not_recommended,none,,stop:event_6498|reduce_to:event_6530:3255|reduce_to:event_6523:3255,"**Do not proceed with the INR 243,900.00 purchase today**, as your safe spendable amount is only INR 60,782.72 after protecting your INR 115,000.00 minimum balance. Instead, cancel event_6498 entirely and reduce event_6530 and event_6523 to INR 3,255.00 each to improve affordability."
request_71,0.0,not_affordable,not_recommended,none,,stop:event_6569|stop:event_6570,"**You cannot afford the requested IDR 21,451,000.00 today**, as your available balance after keeping the minimum reserve of IDR 8,884,800.00 is IDR 0.00 — immediately cancel or postpone events **6569 and 6570** until your spendable balance exceeds the required amount."
request_72,11330.0,affordable_now,full_payment,2026-07-05:11330.0,2026-07-05,none,"**Recommendation:** You can comfortably make the full payment of **ZAR 11,330.00 on 2026-07-05**, as your current balance of ZAR 30,337.13 leaves ZAR 18,137.13 remaining — well above your minimum reserve of ZAR 12,200.00. No changes to your current spending are needed."
request_73,71400.0,affordable_now,full_payment,2023-01-20:71400.0,2023-01-20,none,"**Recommendation:** You can comfortably make the full payment of **INR 71,400.00 on January 20, 2023**, as your available balance of **INR 278,542.50** leaves you with **INR 207,142.50** after payment — well above your minimum reserve of **INR 103,200.00**. No changes to your current spending habits are necessary."
request_74,5010.0,affordable_now,full_payment,2025-08-04:5010.0,2025-08-04,none,"**Pay the full ZAR 5,010.00 on 2025-08-04**, as it is fully affordable and will leave you with a comfortable balance of ZAR 65,046.90 — well above your minimum reserve of ZAR 21,900.00. No adjustments to your current spending are necessary."
request_75,7263.23,not_affordable,not_recommended,none,,stop:event_6960|reduce_to:event_6990:991|reduce_to:event_6994:991,"**You cannot afford the requested R28,270.00 today**, as only R7,263.23 is safely available — consider limiting discretionary spending by cancelling event_6960 entirely and capping event_6990 and event_6994 at R991.00 each to protect your R39,000.00 minimum reserve from your R145,867.87 balance."
request_76,0.0,not_affordable,not_recommended,none,,stop:event_7036|stop:event_7035|reduce_to:event_7037:35,"**Do not proceed with the $4,455.60 purchase**, as your available balance of $3,338.80 falls $1,116.80 short after protecting your $1,800.00 minimum reserve. Instead, cancel events 7035 and 7036 entirely and cap event 7037 spending at $35.00 to begin rebuilding toward affordability."
request_77,60700.0,affordable_now,full_payment,2025-11-05:60700.0,2025-11-05,none,"**Pay the full amount of ₹60,700.00 on November 5, 2025, as your current balance of ₹1,89,860.50 comfortably covers this payment while retaining ₹1,29,160.50 — well above your minimum reserve of ₹82,200.00.** No adjustments to your current spending are necessary."
request_78,0.0,not_affordable,not_recommended,none,,stop:event_7224|reduce_to:event_7225:1480,"**Do not proceed with the INR 50,200.00 request at this time**, as your available buffer above the minimum reserve is only INR 101,476.00 (INR 156,676.00 − INR 55,200.00), which is insufficient after accounting for your existing committed expenses. Instead, cancel event\_7224 entirely and reduce event\_7225 to INR 1,480.00 immediately to protect your minimum balance floor of INR 55,200.00."
request_79,790.6,affordable_with_plan,partial_payment,2024-09-04:790.6|2024-10-15:1361.0,2024-10-15,stop:event_7344|stop:event_7345,"**Pay EUR 790.60 today (September 4, 2024), followed by EUR 1,361.00 on October 15, 2024, to cover the full EUR 2,151.60 request while maintaining your EUR 1,000.00 minimum balance.** To stay on track for the October payment, cancel scheduled events #7344 and #7345 immediately to free up the necessary funds."
request_80,141886.89,not_affordable,not_recommended,none,,stop:event_7467|stop:event_7466|reduce_to:event_7529:2650,"**You cannot afford the requested INR 217,500.00 today, as only INR 141,886.89 is safely available — a shortfall of INR 75,613.11.** To protect your minimum balance of INR 121,300.00, immediately cancel event\_7467 and event\_7466, and reduce event\_7529 spending to INR 2,650.00."
request_81,0.0,not_affordable,not_recommended,none,,none,Unable to determine affordability.
request_82,206.84,not_affordable,not_recommended,none,,none,"**Do not proceed with this $1,405.20 purchase today** — it exceeds your safe-to-spend amount of $206.84 and would leave you $1,198.36 below your required minimum balance of $1,100.00. Consider delaying this expense and setting aside approximately **$234.20/month** to afford it comfortably within **6 months** without compromising your financial floor."
request_83,4294.16,not_affordable,not_recommended,none,,stop:event_7777|reduce_to:event_7817:1190|reduce_to:event_7818:1190,"**You cannot afford the requested INR 1,56,200.00 at this time**, as only INR 4,294.16 is safely available after protecting your INR 37,800.00 minimum reserve. Immediately cancel event_7777 and reduce spending on event_7817 and event_7818 to INR 1,190.00 each to begin rebuilding available funds."
request_84,34375.7,not_affordable,not_recommended,none,,stop:event_7856|stop:event_7857|reduce_to:event_7940:1730,"**Do not proceed with the INR 95,400.00 withdrawal today**, as it exceeds your safe spending limit of INR 34,375.70 and would breach your minimum balance threshold of INR 91,300.00. Immediately cancel events **#7856** and **#7857**, reduce event **#7940** to INR 1,730.00, and revisit this expense only after your available balance safely exceeds INR 186,700.00."
request_85,0.0,not_affordable,not_recommended,none,,stop:event_7976|stop:event_7975|stop:event_7974,"**Do not proceed with the IDR 19,304,000.00 purchase**, as your available balance of IDR 8,818,420.00 falls short by approximately IDR 10,485,580.00 after maintaining your required minimum reserve of IDR 6,396,300.00. Immediately cancel or postpone events **#7974, #7975, and #7976** until your spendable balance exceeds IDR 25,700,300.00 (minimum reserve + requested amount)."
request_86,46300.0,affordable_now,full_payment,2025-08-03:46300.0,2025-08-03,none,"**Pay the full amount of ₹46,300 today (by August 3, 2025), as your current balance of ₹2,28,639.50 comfortably covers it while keeping ₹1,82,339.50 remaining — well above your required minimum of ₹84,900.** No adjustments to your spending are needed, and paying in full now avoids any interest or installment overhead."
request_87,0.0,not_affordable,not_recommended,none,,reduce_to:event_8162:4796,"**Your current balance of ₹2,78,750 falls ₹2,09,150 short of the requested ₹4,87,900, and with a mandatory reserve of ₹1,85,900, you have effectively ₹0 safely available today.** We recommend reducing your spending on Event #8162 to ₹4,796 immediately to stay within your financial limits and protect your minimum balance."
request_88,11959.79,affordable_with_plan,installments,2024-06-14:9045.23|2024-07-15:9045.23|2024-08-15:9045.23,2024-07-14,stop:event_8268|reduce_to:event_8301:656|reduce_to:event_8298:656,"**Recommendation:** Your ZAR 26,092.00 request can be fulfilled through 3 installments of **ZAR 9,045.23** on **June 14, July 15, and August 15, 2024**, keeping your balance safely above the ZAR 25,800.00 minimum. To make this plan work, you must **stop spending on event_8268** entirely and **reduce spending on event_8301 and event_8298 to ZAR 656.00 each**."
request_89,9120777.46,affordable_with_plan,installments,2025-11-18:4768746.67|2025-12-16:4768746.67|2026-01-13:4768746.67,2025-11-14,stop:event_8336|stop:event_8335|reduce_to:event_8400:203300,"**Recommendation:** Your IDR 13,756,000.00 request is approved via a 3-installment plan — pay IDR 4,768,746.67 on **Nov 18**, **Dec 16**, and **Jan 13** — keeping your balance safely above the IDR 12,534,700.00 minimum. To stay on track, **cancel event_8336 and event_8335 entirely**, and **cut event_8400 down to IDR 203,300.00**."
request_90,2560.0,affordable_now,full_payment,2026-07-06:2560.0,2026-07-06,none,"**Recommendation:** You can comfortably pay the full **ZAR 2,560.00** today (**2026-07-06**), as your balance of ZAR 31,629.50 remains well above your ZAR 7,600.00 minimum threshold after payment. No changes to your current spending habits are necessary."
request_91,955.99,not_affordable,not_recommended,none,,stop:event_8510|reduce_to:event_8511:43,"**Do not proceed with the EUR 1,927.20 purchase today (2025-07-15), as it would leave you EUR 971.21 below your required minimum balance of EUR 2,100.00.** Instead, cancel event_8510 entirely and reduce event_8511 to EUR 43.00 to stay within your safe spending limit of EUR 955.99."
request_92,34034.0,affordable_now,full_payment,2025-02-05:34034.0,2025-02-05,none,"**Pay the full amount of ZAR 34,034.00 today, February 5, 2025**, as your current balance comfortably covers it while still leaving ZAR 44,630.47 — well above your minimum reserve of ZAR 28,100.00. No adjustments to your current spending are necessary."
request_93,1729.2,affordable_now,full_payment,2026-04-07:1729.2,2026-04-07,none,"**Pay the full $1,729.20 on April 7, 2026**, as your balance of $3,962.10 comfortably covers this amount while keeping $2,232.90 on hand — well above your required minimum of $1,900.00. No adjustments to your current spending are necessary."
request_94,572.0,affordable_now,full_payment,2024-12-04:572.0,2024-12-04,none,"**Proceed with the full payment of €572.00 on December 4, 2024**, as your balance of €2,663.60 will comfortably cover the expense while retaining €2,091.60 — well above your €600.00 minimum threshold. No adjustments to your current spending are necessary."
request_95,36649.48,not_affordable,not_recommended,none,,reduce_to:event_8843:3620,"**Do not proceed with the INR 5,53,000.00 purchase today**, as you only have INR 36,649.48 safely available and the expense exceeds your balance by over INR 2,69,635.00 after accounting for your INR 1,45,500.00 minimum reserve. Instead, reduce your spending on event #8843 to INR 3,620.00 immediately to stay within safe limits and protect your financial cushion."
request_96,76700.9,affordable_with_plan,installments,2026-01-10:31269.33|2026-02-09:31269.33|2026-03-11:31269.33,2026-01-14,stop:event_8914|reduce_to:event_8968:1610|reduce_to:event_8979:1610,"**Recommendation:** Your requested INR 90,200.00 is not fully available today (safe spending limit: INR 76,700.90), but it is manageable via a 3-installment plan — pay INR 31,269.33 on **Jan 10, Feb 9, and Mar 11, 2026**. To stay on track, **cancel event_8914** entirely and **reduce spending on event_8968 and event_8979 to INR 1,610 each**."
request_97,1847.58,affordable_with_plan,installments,2024-03-19:8145.28|2024-04-19:8145.28|2024-05-20:8145.28,2024-03-15,stop:event_9006|reduce_to:event_9037:578|reduce_to:event_9034:578,"**Recommendation:** Your requested ZAR 23,496.00 can be managed through 3 monthly installments of ZAR 8,145.28 (starting March 19, 2024, through May 20, 2024), but you must stop spending on event_9006 entirely and reduce event_9037 and event_9034 to ZAR 578.00 each to stay above your ZAR 29,700.00 minimum balance."
request_98,0.0,not_affordable,not_recommended,none,,none,Unable to determine affordability.
request_99,18062.0,affordable_now,full_payment,2026-07-04:18062.0,2026-07-04,none,"**Pay the full amount of ZAR 18,062.00 on July 4, 2026**, as your current balance of ZAR 86,706.58 comfortably covers this payment while leaving ZAR 68,644.58 — well above your minimum reserve of ZAR 49,100.00. No adjustments to your current spending are necessary."
request_100,28632.96,affordable_with_plan,installments,2024-06-13:12866.19|2024-07-14:12866.19|2024-08-14:12866.19,2024-06-14,stop:event_9268|stop:event_9267,"**Recommendation:** Approve the ZAR 37,114.00 request via 3 installments of ZAR 12,866.19 on June 13, July 14, and August 14, 2024, ensuring your balance stays above the ZAR 32,500.00 minimum. **Immediately cancel event_9268 and event_9267** to free up the cash flow needed to sustain this payment plan."
request_101,143500.0,affordable_now,full_payment,2025-11-03:143500.0,2025-11-03,none,"**Recommendation:** You can comfortably make the full payment of **INR 1,43,500.00 on November 3, 2025**, as your current balance of INR 4,65,868.50 leaves you with INR 3,22,368.50 after payment — well above your minimum reserve of INR 1,87,400.00. No changes to your current spending are needed."
request_102,1716.0,affordable_with_plan,installments,2026-04-05:594.88|2026-05-05:594.88|2026-06-04:594.88,2026-04-05,none,"**Approve the €1,716.00 request today**, funded through 3 equal installments of **€594.88** on **April 5, May 5, and June 4, 2026**, which keeps your balance safely above the €900.00 minimum throughout the repayment period with no required changes to your current spending habits."
request_103,23584.04,not_affordable,not_recommended,none,,stop:event_9528|stop:event_9527|reduce_to:event_9594:2255,"**Do not proceed with the INR 368,300.00 purchase today**, as your spendable balance (INR 23,584.04) falls critically short of the requested amount. Immediately cancel events **#9528** and **#9527**, and reduce event **#9594** to **INR 2,255.00** to protect your mandatory minimum reserve of **INR 125,500.00**."
request_104,17204.0,affordable_now,full_payment,2025-02-04:17204.0,2025-02-04,none,"**Proceed with the full payment of ZAR 17,204.00 on 2025-02-04**, as your balance of ZAR 64,021.70 comfortably covers this amount while still leaving ZAR 46,817.70 — well above your minimum reserve of ZAR 24,700.00. No adjustments to your current spending are necessary."
request_105,1440.92,not_affordable,not_recommended,none,,reduce_to:event_9720:1632|reduce_to:event_9721:1720,"**Do not proceed with the INR 53,500.00 purchase today**, as only INR 1,440.92 is safely available after protecting your INR 73,900.00 minimum reserve. Instead, reduce your planned spending on event_9720 to INR 1,632 and event_9721 to INR 1,720 to stay financially stable."
request_106,307.74,not_affordable,not_recommended,none,,reduce_to:event_9861:29|reduce_to:event_9858:29|reduce_to:event_9855:29,"Based on your current balance, the requested EUR 2,207.70 is not affordable today, as it would leave you below your minimum balance threshold. Instead, consider reducing your planned spending on events 9861, 9858, and 9855 to EUR 29.00 each, freeing up funds while keeping your balance safely above EUR 1,200.00."
request_107,0.0,not_affordable,not_recommended,none,,stop:event_9894|stop:event_9895|reduce_to:event_9953:42,"**Do not proceed with the EUR 2,534.40 purchase today**, as your available balance after keeping the required EUR 1,600.00 minimum is fully committed, leaving EUR 0.00 in discretionary funds. To move forward, cancel events #9894 and #9895 entirely and reduce event #9953 to EUR 42.00 to free up capacity for future spending."
request_108,1832.01,not_affordable,not_recommended,none,,reduce_to:event_10041:499|reduce_to:event_10030:499|reduce_to:event_10039:499,"**You cannot afford the requested ZAR 55,308.00 at this time**, as your available spending margin is only ZAR 1,832.01 today (keeping your required minimum of ZAR 24,100.00 intact). Consider reducing your spending on the flagged events to ZAR 499.00 each, saving approximately ZAR 1,497.00 combined, and revisit this purchase only once your balance grows sufficiently above ZAR 24,100.00."
request_109,617.87,affordable_with_plan,installments,2024-03-18:645.98|2024-04-18:645.98|2024-05-19:645.98,2024-03-15,stop:event_10080|stop:event_10081,"Based on your current balance, you can afford this EUR 1,863.40 request through a 3-installment plan of **EUR 645.98 on March 18, April 18, and May 19, 2024**, while maintaining your EUR 1,700.00 minimum reserve. To stay on track, you must immediately cancel **events 10080 and 10081** to free up the necessary funds for each payment."
request_110,22352.0,affordable_with_plan,installments,2025-08-06:7748.69|2025-09-03:7748.69|2025-10-01:7748.69,2025-08-06,none,"**Recommendation:** Your requested amount of ZAR 22,352.00 is affordable via 3 equal installments — pay ZAR 7,748.69 on **6 Aug**, **3 Sep**, and **1 Oct 2025** — ensuring your balance stays above the ZAR 11,200.00 minimum throughout. No spending changes are required alongside this plan."
request_111,16625000.0,affordable_now,full_payment,2026-04-03:16625000.0,2026-04-03,none,"**You can safely make the full payment of IDR 16,625,000 today (April 3, 2026), leaving you with a balance of IDR 68,579,860 — well above your minimum threshold of IDR 23,022,800.** No adjustments to your spending plan are needed at this time."
request_112,271.7,affordable_now,full_payment,2024-06-05:271.7,2024-06-05,none,"**Proceed with the full payment of EUR 271.70 on June 5, 2024**, as it falls within your safe-to-spend limit and keeps your balance comfortably above the EUR 500.00 minimum, leaving you with EUR 754.30 in reserve."
request_113,0.0,not_affordable,not_recommended,none,,none,Unable to determine affordability.
request_114,11853.4,not_affordable,not_recommended,none,,stop:event_10558|stop:event_10559|reduce_to:event_10561:1890,"**Do not proceed with the INR 65,300.00 purchase today**, as your truly safe spending limit is only INR 11,853.40 after protecting your INR 113,400.00 reserve. Instead, cancel events #10558 and #10559 entirely and reduce event #10561 to INR 1,890.00 to stay financially stable."
request_115,16712.71,affordable_later,wait,2024-11-13:80500.0,2024-11-13,stop:event_10665|reduce_to:event_10689:755|reduce_to:event_10697:755,"**Wait until November 13, 2024 to make this INR 80,500.00 purchase.** In the meantime, cancel event_10665 entirely and reduce both event_10689 and event_10697 to INR 755.00 each to ensure your balance stays above the INR 38,800.00 minimum threshold."
request_116,10284.45,not_affordable,not_recommended,none,2025-04-16,stop:event_10734|reduce_to:event_10788:2405|reduce_to:event_10799:2405,"**Do not proceed with the INR 2,41,200.00 purchase today** — your spendable balance is only INR 10,284.45 (after protecting your INR 80,300.00 minimum reserve). To improve affordability, cancel event_10734 entirely and reduce event_10788 and event_10799 each to INR 2,405.00."
request_117,857.19,not_affordable,not_recommended,none,2026-07-15,stop:event_10833|reduce_to:event_10875:20|reduce_to:event_10876:20,"**We recommend against spending the requested EUR 880.00 today**, as it exceeds your safe-to-spend amount of EUR 857.19 and would risk breaching your EUR 1,000.00 minimum balance. Instead, consider cancelling event_10833 entirely and reducing event_10875 and event_10876 to EUR 20.00 each to free up room in your budget."
request_118,208.09,not_affordable,not_recommended,none,,stop:event_10912|reduce_to:event_10914:14,"**Do not proceed with the EUR 738.10 purchase today**, as it exceeds your safe-to-spend limit of EUR 208.09 and would leave your balance critically below your EUR 600.00 minimum threshold. Instead, cancel event_10912 entirely and reduce event_10914 to EUR 14.00 to protect your financial buffer."
request_119,41087.89,not_affordable,not_recommended,none,,reduce_to:event_11055:2370|reduce_to:event_11056:2370|reduce_to:event_11057:2370,"**Your current available balance of ₹41,087.89 is well short of the requested ₹2,03,500.00, making this expense not affordable at this time.** Consider reducing the three flagged events (11055, 11056, 11057) each to ₹2,370.00, which would help manage your spending while protecting your minimum reserve of ₹1,51,200.00."
request_120,7714000.0,affordable_now,full_payment,2026-04-06:7714000.0,2026-04-06,none,"**You can safely make the full payment of IDR 7,714,000 today (April 6, 2026), leaving you with IDR 24,034,980 — well above your minimum balance requirement of IDR 20,050,300.** No adjustments to your spending plan are needed at this time."
request_121,633.6,affordable_now,full_payment,2024-03-03:633.6,2024-03-03,none,"**Recommendation:** Pay the full **$633.60 on March 3, 2024**, as your balance of $1,741.00 will comfortably cover this amount while keeping **$1,107.40** remaining — well above your required minimum of $800.00. No adjustments to your current spending are necessary."
request_122,20558000.0,affordable_with_plan,installments,2025-08-05:7126773.33|2025-09-02:7126773.33|2025-09-30:7126773.33,2025-08-05,none,"**Recommendation:** Your IDR 20,558,000.00 purchase is approved and affordable through a 3-installment plan — pay **IDR 7,126,773.33 on August 5, September 2, and September 30, 2025**. No changes to your current spending habits are needed, as your balance of IDR 56,827,244.99 comfortably covers all installments while maintaining your IDR 12,588,500.00 minimum reserve."
request_123,4076000.0,affordable_now,full_payment,2026-01-07:4076000.0,2026-01-07,none,"**You can safely spend the full IDR 4,076,000.00 today (January 7, 2026) as a single payment, leaving you with IDR 59,630,400.00 — well above your minimum keep threshold of IDR 18,091,200.00.** No adjustments to your current spending habits are necessary."
request_124,1708.56,affordable_with_plan,installments,2024-06-11:1076.12|2024-07-12:1076.12|2024-08-12:1076.12,2024-06-14,stop:event_11448|reduce_to:event_11478:38|reduce_to:event_11480:38,"**Recommendation:** Your €3,104.20 request exceeds today's safe spending limit of €1,708.56, but it's manageable via a 3-installment plan: **€1,076.12 on June 11, €1,076.12 on July 12, and €1,076.12 on August 12, 2024.** To stay on track, cancel spending on event_11448 entirely and reduce event_11478 and event_11480 to **€38 each**."
request_125,0.0,not_affordable,not_recommended,none,,none,Unable to determine affordability.
request_126,159600.0,affordable_now,full_payment,2026-07-03:159600.0,2026-07-03,none,"**Recommendation:** You can comfortably proceed with the full payment of **INR 1,59,600.00 on July 3, 2026**, as your current balance of **INR 4,03,175.00** leaves you with a healthy post-payment buffer of **INR 2,43,575.00** — well above your minimum reserve of **INR 1,29,700.00**. No adjustments to your current spending are necessary."
request_127,16379.97,not_affordable,not_recommended,none,,stop:event_11707|stop:event_11706|reduce_to:event_11766:773,"**Do not proceed with the ZAR 23,980.00 purchase today**, as your safe-to-spend amount is only ZAR 16,379.97 — you are ZAR 7,600.03 short. To protect your ZAR 41,000.00 minimum balance, immediately cancel events 11707 and 11706, and reduce event 11766 to ZAR 773.00."
request_128,25168.0,affordable_now,full_payment,2025-02-07:25168.0,2025-02-07,none,"**Proceed with the full payment of ZAR 25,168.00 on February 7, 2025**, as your available balance comfortably covers this amount while retaining ZAR 55,543.70 — well above your minimum threshold of ZAR 42,600.00. No adjustments to your current spending are necessary."
request_129,28.86,not_affordable,not_recommended,none,,stop:event_11884|stop:event_11885,"**Do not proceed with the $2,668.80 purchase** — it far exceeds your available discretionary balance of $28.86 (your $1,088.00 balance minus the $800.00 minimum reserve). Focus instead on canceling or pausing events #11884 and #11885 immediately to begin rebuilding spending capacity before making any new financial commitments."
request_130,0.0,not_affordable,not_recommended,none,,stop:event_11958|stop:event_11957|reduce_to:event_12021:40,"**Do not proceed with the $1,978.80 purchase**, as your available balance above the $1,400.00 minimum is only $917.46 — leaving you $1,061.34 short. Instead, cancel events #11958 and #11957 immediately and reduce event #12021 to $40.00 to protect your financial floor."
request_131,1392.23,not_affordable,not_recommended,none,2025-06-14,reduce_to:event_12065:21,"**Recommendation:** The requested amount of **$1,855.20** is not affordable today, as it would leave you below your minimum balance — you can safely spend only **$1,392.23** right now. Consider reducing your spending on **event #12065 to $21.00** to stay within your safe limit and maintain your required **$1,100.00** cushion."
request_132,169.13,not_affordable,not_recommended,none,,reduce_to:event_12142:26,"**Do not proceed with the $379.86 purchase today**, as it exceeds your safe-to-spend limit of $169.13 and would put your balance dangerously close to your $1,100.00 minimum threshold. Instead, reduce your spending on event #12142 to **$26.00** to stay within budget and protect your financial cushion."
request_133,15770000.0,not_affordable,not_recommended,none,2024-03-07,none,"**Do not proceed with this IDR 15,770,000.00 spending today.** While your current balance of IDR 36,824,650.00 appears sufficient, making this purchase would leave you with only IDR 21,054,650.00 — dangerously close to your minimum threshold of IDR 9,986,200.00 — and your safe spending limit of IDR 15,770,000.00 has already been fully allocated, leaving **IDR 0.00 in remaining safe budget** for any"
request_134,6847472.47,affordable_later,wait,2025-08-14:21831000.0,2025-08-14,stop:event_12315|stop:event_12314,"**Recommendation:** Hold off on the IDR 21,831,000.00 expense for now — your safe-to-spend today is only IDR 6,847,472.47, but by **August 14, 2025**, your balance will be in a position to comfortably cover it. In the meantime, cancelled events **#12314** and **#12315** have been stopped to help protect your minimum balance of IDR 15,902,500.00."
request_135,289.14,not_affordable,not_recommended,none,2026-07-15,stop:event_12413,"**Do not make this $304.80 purchase today**, as it would reduce your available balance below the $500.00 minimum threshold, leaving you with only $236.30 in usable funds. Instead, cancel or postpone event_12413 and reassess this expense once your balance grows beyond **$804.80** to safely accommodate both the purchase and your $500.00 reserve."
request_136,386.95,affordable_with_plan,partial_payment,2024-06-03:386.95|2024-06-14:173.45,2024-06-14,reduce_to:event_12498:27,"**Pay $386.95 today (June 3, 2024) and the remaining $173.45 on June 14, 2024 to cover your $560.40 request while keeping your balance above the $1,100.00 minimum.** Additionally, reduce your spending on event #12498 to $27.00 to help maintain financial stability through both payment dates."
request_137,20800.99,not_affordable,not_recommended,none,,stop:event_12572|reduce_to:event_12574:2068,"**Do not proceed with the INR 80,100.00 request today**, as your safe-to-spend amount is only INR 20,800.99 and withdrawing more would breach your minimum balance threshold of INR 71,800.00. Immediately cancel event_12572 entirely and reduce event_12574 spending to INR 2,068.00 to help restore financial flexibility."
request_138,925.51,affordable_with_plan,installments,2026-04-07:435.74|2026-05-05:435.74|2026-06-02:435.74,2026-04-14,stop:event_12668|stop:event_12669|reduce_to:event_12670:45,"**Recommendation:** Approve the EUR 1,256.94 request via 3 installments of **EUR 435.74** on **April 7, May 5, and June 2, 2026**, while immediately cancelling events #12668 and #12669 and reducing event #12670 spending to **EUR 45.00** to protect your EUR 2,300.00 minimum balance."
request_139,1716.6,affordable_with_plan,installments,2024-09-07:802.88|2024-10-08:802.88|2024-11-08:802.88,2024-09-14,stop:event_12741,"**Recommendation:** Approve the $2,316.00 request as a 3-installment plan of **$802.88 each**, due on **September 7, October 8, and November 8, 2024**, ensuring your balance stays above the $1,500.00 minimum. To keep this plan on track, **cancel event_12741** immediately to free up the necessary cash flow."
request_140,0.0,not_affordable,not_recommended,none,,reduce_to:event_12909:530|reduce_to:event_12901:530|reduce_to:event_12905:530,"Based on your current balance of ZAR 34,679.00 and a required minimum of ZAR 21,600.00, you cannot afford the requested ZAR 62,832.00 — we recommend reducing your spending on events 12909, 12901, and 12905 to ZAR 530.00 each to help protect your available buffer."
request_141,0.0,not_affordable,not_recommended,none,,stop:event_12947|stop:event_12948,"**Do not proceed with the INR 1,71,600.00 expenditure, as your available balance of INR 1,22,545.00 falls INR 49,055.00 short of the requested amount while still needing to preserve your minimum reserve of INR 67,300.00.** Instead, cancel or defer events 12947 and 12948 immediately and focus on building your discretionary buffer above INR 2,38,900.00 before revisiting this spend."
request_142,1263.6,affordable_now,full_payment,2024-12-05:1263.6,2024-12-05,none,"**Pay the full amount of $1,263.60 on December 5, 2024, as recommended.** This keeps your balance safely above your $1,700.00 minimum at $4,730.25, with no adjustments needed to your current spending habits."
request_143,0.0,not_affordable,not_recommended,none,,stop:event_13140|reduce_to:event_13204:270|reduce_to:event_13195:270,"**Do not proceed with the ZAR 12,584.00 request**, as your available buffer above the ZAR 11,300.00 minimum is only ZAR 8,811.00 — leaving you ZAR 3,773.00 short. Instead, cancel event_13140 entirely and reduce event_13204 and event_13195 to ZAR 270.00 each to protect your financial floor."
request_144,0.0,not_affordable,not_recommended,none,,stop:event_13239|stop:event_13240|reduce_to:event_13302:18,"**Based on your current balance of $1,248.08, you cannot safely afford the requested $233.34 right now, as your buffer requirement of $600.00 leaves only $648.08 in flexible funds that are already committed.** To move forward, you should immediately stop spending on events #13239 and #13240, and reduce event #13302 to no more than $18.00 to help realign your budget."
request_145,24656.94,not_affordable,not_recommended,none,,stop:event_13342|reduce_to:event_13407:3335|reduce_to:event_13404:3335,"**Do not proceed with the ₹2,17,400.00 purchase today**, as your spendable balance of ₹24,656.94 falls critically short by ₹1,92,743.06. Instead, immediately cap event_13407 and event_13404 spending at ₹3,335.00 each and halt event_13342 entirely to protect your mandatory reserve of ₹1,55,400.00."
request_146,7502.87,affordable_later,wait,2025-10-14:449400.0,2025-10-14,stop:event_13450,"**Do not make the INR 4,49,400 purchase today**, as only INR 7,502.87 is safely available against your required minimum balance of INR 1,08,600. Instead, wait until **October 14, 2025**, when your projected savings will make this expense affordable — and cancel or pause **event_13450** spending immediately to stay on track."
request_147,387.76,not_affordable,not_recommended,none,,stop:event_13520|stop:event_13521|reduce_to:event_13522:29,"**Do not proceed with the EUR 1,129.70 purchase today**, as it exceeds your safe-to-spend amount of EUR 387.76 and would drop your balance below your EUR 900.00 minimum reserve. Instead, cancel events 13520 and 13521 entirely and reduce event 13522 to EUR 29.00 to stay within budget."
request_148,8225.0,not_affordable,not_recommended,none,,stop:event_13591|stop:event_13593|stop:event_13592,"**Recommendation:** Your requested amount of ZAR 22,242.00 exceeds your safe-to-spend limit of ZAR 8,225.00 today — do not proceed with this transaction. Immediately cancel events **#13591, #13592, and #13593** to protect your mandatory minimum balance of ZAR 20,000.00 from your current balance of ZAR 33,181.08."
request_149,22599.01,affordable_with_plan,installments,2025-11-18:12706.03|2025-12-16:12706.03|2026-01-13:12706.03,2025-11-14,stop:event_13702|reduce_to:event_13703:1014,"**Recommendation:** Approve the ZAR 36,652.00 request via 3 installments of ZAR 12,706.03 on **Nov 18, Dec 16, and Jan 13** — cancel event_13702 entirely and cap event_13703 spending at ZAR 1,014.00 to protect your ZAR 42,100.00 minimum balance throughout the payment period."
request_150,0.0,not_affordable,not_recommended,none,,none,Unable to determine affordability.
request_151,26999000.0,affordable_now,full_payment,2024-09-03:26999000.0,2024-09-03,none,"**Recommendation:** You can safely proceed with the full payment of **IDR 26,999,000** on **September 3, 2024**, as your balance will remain at approximately **IDR 57,000,265** — well above your minimum threshold of **IDR 31,633,600**. No adjustments to your spending plan are needed at this time."
request_152,3474.44,not_affordable,not_recommended,none,,stop:event_13958|stop:event_13957|reduce_to:event_14023:234,"**Do not proceed with the ZAR 13,882.00 withdrawal today**, as it would leave your balance critically below the ZAR 11,900.00 minimum threshold. Instead, immediately cancel events #13958 and #13957, cap event #14023 spending at ZAR 234.00, and limit any spending to your safe amount of **ZAR 3,474.44** until your balance recovers."
request_153,0.0,not_affordable,not_recommended,none,,stop:event_14063|stop:event_14064,"**Do not proceed with the $2,830.80 purchase today** — your available balance of $1,903.60 falls $927.20 short, and spending anything beyond $503.60 would breach your $1,400.00 minimum reserve. Cancel or postpone events #14063 and #14064 until your balance increases by at least $927.20 above your current total."
request_154,1625.8,affordable_with_plan,installments,2024-12-04:563.61|2025-01-04:563.61|2025-02-04:563.61,2024-12-04,none,"**Recommendation:** Proceed with the €1,625.80 purchase split into 3 equal installments of **€563.61**, due on **December 4, 2024**, **January 4, 2025**, and **February 4, 2025**. This keeps your balance safely above your €1,300.00 minimum reserve throughout the repayment period."
request_155,112500.0,affordable_now,full_payment,2025-05-06:112500.0,2025-05-06,none,"**You can comfortably proceed with the full payment of ₹1,12,500 on May 6, 2025**, as your balance of ₹2,18,050 will retain ₹1,05,550 after the transaction — well above your minimum reserve of ₹56,300. No adjustments to your current spending are needed."
request_156,8761.56,not_affordable,not_recommended,none,,reduce_to:event_14396:608|reduce_to:event_14390:608|reduce_to:event_14397:608,"**Do not proceed with the ZAR 43,076.00 purchase**, as your safe-to-spend amount today is only ZAR 8,761.56 — approving this would drop your balance well below your ZAR 26,900.00 minimum reserve. Instead, consider reducing related upcoming expenses (events 14396, 14390, and 14397) each to ZAR 608.00 to help free up funds over time."
request_157,4955586.23,not_affordable,not_recommended,none,,reduce_to:event_14433:368600|reduce_to:event_14434:197600,"**Recommendation:** Your requested IDR 23,503,000.00 is not affordable today — you can safely spend only **IDR 4,955,586.23** while protecting your minimum balance. Consider reducing **Event 14433 to IDR 368,600** and **Event 14434 to IDR 197,600** to bring your spending within a safe range."
request_158,242600.0,affordable_with_plan,installments,2025-08-07:84101.33|2025-09-04:84101.33|2025-10-02:84101.33,2025-08-07,none,"**You can afford this INR 242,600.00 expense through 3 equal installments of INR 84,101.33, scheduled on August 7, September 4, and October 2, 2025.** Your remaining balance will stay comfortably above your minimum reserve of INR 131,400.00 throughout this period, with no changes to your current spending habits required."
request_159,13398.0,affordable_now,full_payment,2026-01-04:13398.0,2026-01-04,none,"**Pay the full ZAR 13,398.00 on January 4, 2026**, as this is fully affordable and will leave you with a healthy remaining balance of ZAR 26,885.20 — well above your minimum threshold of ZAR 8,700.00 — requiring no changes to your current spending habits."
request_160,569.22,affordable_with_plan,installments,2024-06-13:432.05|2024-07-14:432.05|2024-08-14:432.05,2024-08-13,reduce_to:event_14740:28|reduce_to:event_14737:28|reduce_to:event_14742:28,"**Recommendation:** Approve the EUR 1,246.30 request as a 3-installment plan of EUR 432.05 due on June 13, July 14, and August 14, 2024, keeping your balance safely above the EUR 1,200.00 minimum. To stay on track, reduce spending on events 14740, 14737, and 14742 to EUR 28 each."
request_161,0.0,not_affordable,not_recommended,none,,stop:event_14775|stop:event_14774|reduce_to:event_14838:556700,"**Do not proceed with the IDR 21,204,000.00 withdrawal today**, as your available balance after maintaining the required minimum of IDR 23,010,400.00 leaves you with no safe spending room. Immediately cancel events **#14775** and **#14774**, and reduce event **#14838** to **IDR 556,700.00** to stabilize your finances."
request_162,2023403.58,not_affordable,not_recommended,none,,stop:event_14872|reduce_to:event_14917:597550|reduce_to:event_14914:597550,"**Do not proceed with the IDR 83,923,000.00 request**, as your available safe spending is only IDR 2,023,403.58 today — well below what's needed while maintaining your minimum balance of IDR 24,161,100.00. Instead, immediately stop spending on event_14872 and reduce events 14917 and 14914 to IDR 597,550.00 each to stabilize your finances."
request_163,0.0,not_affordable,not_recommended,none,,stop:event_14953|reduce_to:event_15013:664050|reduce_to:event_15009:664050,"**We recommend against this IDR 19,304,000.00 expense at this time**, as your spendable balance effectively sits at IDR 0.00 after reserving your IDR 26,728,700.00 minimum — instead, consider trimming costs by canceling event_14953 entirely and capping both event_15013 and event_15009 at IDR 664,050.00 each to stay financially safe."
request_164,27018000.0,affordable_with_plan,installments,2025-02-11:9366240.00|2025-03-11:9366240.00|2025-04-08:9366240.00,2025-02-04,none,"**You can proceed with this IDR 27,018,000.00 purchase via 3 installments: IDR 9,366,240.00 on Feb 11, IDR 9,366,240.00 on Mar 11, and IDR 9,366,240.00 on Apr 8, 2025.** Your balance remains safely above the IDR 29,550,500.00 minimum threshold throughout the plan with no required changes to your current spending habits."
request_165,80600.0,affordable_now,full_payment,2026-04-06:80600.0,2026-04-06,none,"**Recommendation:** You can comfortably make the full payment of **INR 80,600** on **April 6, 2026**, as your available balance after reserving the minimum threshold of INR 95,000 supports this expense entirely. No changes to your current spending are required."
request_166,2907.6,affordable_with_plan,installments,2024-12-03:1007.97|2025-01-03:1007.97|2025-02-03:1007.97,2024-12-03,none,"**Recommendation:** Approve the $2,907.60 request as a 3-installment plan of **$1,007.97/month**, debited on **December 3, 2024**, **January 3, 2025**, and **February 3, 2025**. This keeps your balance safely above the $1,700.00 minimum throughout, with no required spending changes."
request_167,43802.0,affordable_now,full_payment,2025-05-05:43802.0,2025-05-05,none,"**Pay the full amount of ZAR 43,802.00 on 2025-05-05**, as it is fully affordable within your available balance while comfortably maintaining your required minimum reserve of ZAR 31,200.00. No adjustments to your current spending are necessary."
request_168,15168.51,not_affordable,not_recommended,none,,stop:event_15364|reduce_to:event_15366:2728|reduce_to:event_15367:2475,"**Do not proceed with the INR 49,380.00 expense today**, as only INR 15,168.51 is safely available after protecting your INR 114,400.00 minimum reserve. Instead, cancel event_15364 entirely, reduce event_15366 to INR 2,728.00, and reduce event_15367 to INR 2,475.00 to stay financially safe."
request_169,39479.66,not_affordable,not_recommended,none,,stop:event_15488,"**Do not proceed with the ZAR 41,976.00 purchase today**, as it exceeds your safe-to-spend amount of ZAR 39,479.66 and would leave you below your minimum reserve of ZAR 18,700.00. Instead, cancel or postpone event_15488 and reassess your budget once your available balance improves beyond ZAR 60,676.00 (ZAR 41,976.00 + ZAR 18,700.00)."
request_170,35438320.22,affordable_with_plan,installments,2025-08-06:12804480.00|2025-09-03:12804480.00|2025-10-01:12804480.00,2025-08-14,stop:event_15604|stop:event_15605|reduce_to:event_15666:779950,"**Recommendation:** Proceed with the IDR 36,936,000.00 purchase via 3 installments of IDR 12,804,480.00 each on August 6, September 3, and October 1, 2025. To stay on track, immediately cancel events #15604 and #15605, and reduce event #15666 spending to IDR 779,950.00, ensuring your balance stays above the IDR 24,715,800.00 minimum."
request_171,0.0,not_affordable,not_recommended,none,,stop:event_15701|reduce_to:event_15745:15|reduce_to:event_15739:15,"**Do not proceed with this EUR 1,878.80 purchase today**, as your available balance of EUR 810.65 leaves you EUR 0.00 above your EUR 500.00 safety minimum — meaning this expense is entirely unaffordable. Instead, cancel event_15701 immediately and reduce event_15745 and event_15739 each to EUR 15.00 to begin rebuilding spending capacity."
request_172,8620.09,not_affordable,not_recommended,none,,stop:event_15784|reduce_to:event_15785:322,"**You cannot afford the requested ZAR 10,200.00 today**, as your safe-to-spend amount is only ZAR 8,620.09 — approving it would risk falling below your ZAR 27,200.00 minimum balance buffer. To improve your position, **immediately stop spending on event_15784 entirely and reduce event_15785 to no more than ZAR 322.00**."
request_173,72503.7,not_affordable,not_recommended,none,,reduce_to:event_15934:2105|reduce_to:event_15941:2105|reduce_to:event_15945:2105,"Based on your current balance, the INR 113,000.00 request is not affordable today, as only INR 72,503.70 is safely available. Consider reducing your spending on events 15934, 15941, and 15945 to INR 2,105.00 each to help free up funds toward your goal."
request_174,1146.2,affordable_with_plan,installments,2026-04-04:397.35|2026-05-04:397.35|2026-06-03:397.35,2026-04-04,none,"**Recommendation:** Approve the EUR 1,146.20 request via 3 monthly installments of EUR 397.35, due on April 4, May 4, and June 3, 2026, which keeps your balance safely above the EUR 700.00 minimum throughout. Ensure EUR 397.35 is available by each due date to avoid disruption to your financial buffer."
request_175,2346.3,affordable_now,full_payment,2024-09-06:2346.3,2024-09-06,none,"**Recommendation:** You can safely make the full payment of **EUR 2,346.30 on September 6, 2024**, as this will leave you with **EUR 2,413.95** — comfortably above your minimum balance requirement of **EUR 1,700.00**. No adjustments to your current spending are necessary."
request_176,0.0,not_affordable,not_recommended,none,,reduce_to:event_16157:12,"**Recommendation:** Do not proceed with the EUR 1,239.70 purchase today, as it would drop your balance well below your EUR 600.00 minimum threshold, leaving you with insufficient funds. Instead, reduce your spending on event_16157 to EUR 12.00 to stay within your safe spending limit while protecting your financial buffer."
request_177,898.05,not_affordable,not_recommended,none,,stop:event_16234|stop:event_16235,"**Do not proceed with the $1,017.60 purchase today**, as it exceeds your safe-to-spend amount of $898.05 and would drop your balance below your $1,300.00 minimum threshold. Instead, delay this expense and cancel events #16234 and #16235 to reassess your budget once your available cushion increases beyond $1,017.60."
request_178,2938.1,affordable_with_plan,installments,2024-12-07:1018.54|2025-01-07:1018.54|2025-02-07:1018.54,2024-12-07,none,"**Recommendation:** Approve the EUR 2,938.10 request via a 3-installment plan of **EUR 1,018.54 each**, due on **December 7, 2024**, **January 7, 2025**, and **February 7, 2025**, which keeps your balance safely above the EUR 1,400.00 minimum threshold throughout."
request_179,13819538.89,not_affordable,not_recommended,none,,reduce_to:event_16481:810350|reduce_to:event_16478:810350|reduce_to:event_16486:810350,"Based on your current balance of IDR 79,388,050 with only IDR 13,819,538.89 safely available today, your requested IDR 41,648,000 is **not affordable**. Instead, reduce your spending on events 16481, 16478, and 16486 to **IDR 810,350 each** to stay within safe limits while protecting your minimum balance of IDR 41,430,800."
request_180,66500.0,affordable_now,full_payment,2026-07-06:66500.0,2026-07-06,none,"**Recommendation:** You can comfortably proceed with the full payment of **INR 66,500.00 on July 6, 2026**, as it keeps your balance well above your minimum threshold, leaving you with **INR 68,480.00** — nearly double your required safety cushion of INR 37,300.00. No changes to your current spending habits are necessary."
request_181,518.66,not_affordable,not_recommended,none,,stop:event_16622|stop:event_16621,"**Do not proceed with the $5,059.20 purchase** — your spendable balance is only $518.66 (keeping your $2,000.00 reserve from your $3,362.00 total), leaving you $4,540.54 short as of today. Cancel or postpone events 16621 and 16622 to reassess your budget before committing to any new spending."
request_182,65714.0,affordable_now,full_payment,2025-08-05:65714.0,2025-08-05,none,"**Pay the full amount of ZAR 65,714.00 on 2025-08-05**, as your balance comfortably covers this payment while retaining ZAR 59,296.30 — well above your minimum required balance of ZAR 31,100.00, with no adjustments needed to your current spending."
request_183,2263393.77,not_affordable,not_recommended,none,,stop:event_16813|stop:event_16814|reduce_to:event_16816:342000,"**Do not proceed with the IDR 26,866,000.00 purchase today**, as it exceeds your safe spending limit of IDR 2,263,393.77 and would critically draw your balance below the required minimum of IDR 11,878,300.00. Instead, cancel events 16813 and 16814 entirely and cap event 16816 spending at IDR 342,000 to protect your financial buffer."
request_184,0.0,not_affordable,not_recommended,none,,stop:event_16934|stop:event_16935,"**Do not proceed with the INR 2,51,900.00 request, as your available balance of INR 1,63,160.00 falls INR 88,740.00 short and dipping below your minimum reserve of INR 1,10,800.00 would leave you financially exposed.** Instead, pause spending on events 16934 and 16935 immediately and work toward saving the shortfall before revisiting this expense."
request_185,0.0,not_affordable,not_recommended,none,,none,Unable to determine affordability.
request_186,0.0,not_affordable,not_recommended,none,,stop:event_17158|stop:event_17159|reduce_to:event_17222:624,"**Do not proceed with the ZAR 26,554.00 withdrawal today**, as your balance of ZAR 44,863.50 falls below the required minimum buffer of ZAR 22,000.00 when this amount is deducted, leaving zero safe spending capacity. Instead, cancel events 17158 and 17159 immediately and cap event 17222 at ZAR 624.00 to protect your financial floor."
request_187,29425.43,not_affordable,not_recommended,none,,stop:event_17265|reduce_to:event_17295:3225|reduce_to:event_17297:3225,"**Do not proceed with the ₹1,87,500.00 purchase today** — your spendable balance is only ₹29,425.43 after protecting your ₹1,28,300.00 reserve. To improve affordability, immediately cancel event_17265 and reduce spending on event_17295 and event_17297 to ₹3,225.00 each."
request_188,0.0,not_affordable,not_recommended,none,,stop:event_17332|stop:event_17331|reduce_to:event_17388:18,"**You cannot afford the requested €2,464.00 — your available balance above your €900.00 minimum is only €585.30, leaving €0.00 safe to spend today.** Immediately cancel events 17332 and 17331, and reduce event 17388 to €18.00 to begin rebuilding your financial cushion."
request_189,0.0,not_affordable,not_recommended,none,,none,Unable to determine affordability.
request_190,382.94,affordable_later,wait,2024-12-15:2557.5,2024-12-15,reduce_to:event_17573:38|reduce_to:event_17577:38|reduce_to:event_17571:38,"Based on your current balance, the EUR 2,557.50 expense is not affordable today but can be made on **December 15, 2024** — in the meantime, reduce spending on events 17573, 17577, and 17571 to **EUR 38 each** to stay on track."
request_191,664.4,affordable_now,full_payment,2025-05-03:664.4,2025-05-03,none,"**You can comfortably pay the full €664.40 today (by May 3, 2025), as it stays well within your available spending limit while keeping your balance safely above the required €500.00 minimum.** No adjustments to your spending habits are needed, as this single payment fully settles the request without financial strain."
request_192,242.25,not_affordable,not_recommended,none,,stop:event_17695|stop:event_17696|reduce_to:event_17730:20,"**Do not proceed with the $2,046.00 purchase**, as your spendable balance of $242.25 (keeping $1,000.00 in reserve from your $1,384.80 balance) falls $1,803.75 short of what's needed. Instead, cancel events #17695 and #17696 entirely and reduce event #17730 to $20.00 to protect your financial cushion."
request_193,0.0,not_affordable,not_recommended,none,,stop:event_17768|stop:event_17767|reduce_to:event_17837:34,"**Do not proceed with the EUR 1,212.20 purchase today**, as it would reduce your balance below your EUR 1,000.00 minimum threshold, leaving you with only EUR 98.42 of buffer. Instead, cancel events #17768 and #17767, reduce event #17837 to EUR 34.00, and reassess your available spending once your balance recovers above EUR 2,212.20."
request_194,27136.75,not_affordable,not_recommended,none,,stop:event_17876|reduce_to:event_17877:1796,"**Do not proceed with the INR 132,800.00 request**, as your spendable balance is only INR 27,136.75 after protecting your INR 113,600.00 minimum reserve. Immediately cancel event\_17876 entirely and reduce event\_17877 to INR 1,796.00 to stay within your safe spending limit."
request_195,660.04,not_affordable,not_recommended,none,,reduce_to:event_17957:13|reduce_to:event_17955:12,"**Do not proceed with this EUR 1,170.40 purchase today**, as it would leave you EUR 510.36 below your EUR 700.00 safety threshold. Instead, reduce your spending on event_17957 to EUR 13.00 and event_17955 to EUR 12.00 to free up funds before revisiting this expense."
request_196,762.3,affordable_now,full_payment,2024-06-03:762.3,2024-06-03,none,"**Pay the full EUR 762.30 on June 3, 2024, as it is fully affordable and will leave you with a comfortable EUR 813.35 buffer — well above your EUR 500.00 minimum.** No adjustments to your current spending are necessary."
request_197,0.0,not_affordable,not_recommended,none,,stop:event_18125|stop:event_18126|reduce_to:event_18186:747650,"**Do not proceed with the IDR 50,939,000.00 requested spending today**, as your spendable balance (after protecting your IDR 26,245,900.00 minimum reserve) is effectively IDR 0.00 — instead, immediately cancel events #18125 and #18126, and reduce event #18186 to IDR 747,650.00 to begin rebuilding your available buffer."
request_198,185800.0,affordable_now,full_payment,2026-07-07:185800.0,2026-07-07,none,"**Recommendation:** You can comfortably proceed with the full payment of **INR 1,85,800.00 on July 7, 2026**, as your current balance of INR 3,95,190.00 remains well above your minimum reserve of INR 1,24,300.00 after the transaction. No changes to your current spending habits are necessary."
request_199,23674000.0,affordable_with_plan,installments,2024-09-07:8206986.67|2024-10-08:8206986.67|2024-11-08:8206986.67,2024-09-04,none,"**Recommendation:** Proceed with the IDR 23,674,000.00 purchase via a 3-installment plan, paying IDR 8,206,986.67 on September 7, October 8, and November 8, 2024. Ensure your balance maintains above the IDR 25,359,500.00 minimum threshold throughout this period to avoid any financial shortfall."
request_200,21717000.0,affordable_now,full_payment,2025-02-06:21717000.0,2025-02-06,none,"**You can safely make the full payment of IDR 21,717,000 today (February 6, 2025), which will leave you with IDR 32,169,150 — comfortably above your minimum balance requirement of IDR 20,114,600.** No adjustments to your spending plan are needed at this time."
request_201,23997000.0,affordable_now,full_payment,2026-04-03:23997000.0,2026-04-03,none,"**Recommendation:** You can safely proceed with a full payment of **IDR 23,997,000** on **April 3, 2026**, which will leave you with a remaining balance well above your minimum threshold of IDR 17,304,500. No adjustments to your current spending plan are necessary."
request_202,123900.0,affordable_now,full_payment,2024-12-05:123900.0,2024-12-05,none,"**Recommendation:** You can comfortably proceed with a full payment of **INR 1,23,900** on **December 5, 2024**, as your available balance of **INR 3,66,065** leaves **INR 2,42,165** remaining — well above your minimum reserve of **INR 1,47,800**. No adjustments to your current spending are necessary."
request_203,1442.1,affordable_with_plan,installments,2025-05-10:499.93|2025-06-07:499.93|2025-07-05:499.93,2025-05-07,none,"**Recommendation:** Approve the EUR 1,442.10 request via 3 equal installments of EUR 499.93, scheduled on May 10, June 7, and July 5, 2025, keeping your balance safely above the EUR 1,400.00 minimum throughout. No spending adjustments are needed, as your current balance of EUR 8,327.38 comfortably supports this payment plan."
request_204,588.74,affordable_now,full_payment,2026-01-04:588.74,2026-01-04,none,"**Proceed with the full payment of €588.74 on January 4, 2026**, as your balance of €2,626.28 comfortably covers this amount while maintaining your required minimum of €1,300.00, leaving you with €1,737.54 in reserve. No adjustments to your current spending are necessary."
request_205,10621000.0,affordable_now,full_payment,2024-03-06:10621000.0,2024-03-06,none,"**You can comfortably make the full payment of IDR 10,621,000 on March 6, 2024, which will leave you with IDR 20,841,900 — well above your minimum balance threshold of IDR 13,994,300.** No adjustments to your spending plan are needed at this time."
request_206,1404.7,affordable_with_plan,installments,2025-08-03:486.96|2025-08-31:486.96|2025-09-28:486.96,2025-08-03,none,"**Recommendation:** Approve the EUR 1,404.70 request via a 3-installment plan, with payments of EUR 486.96 due on August 3, August 31, and September 28, 2025. Your balance remains safely above the EUR 900.00 minimum throughout, with no spending adjustments required."
request_207,7873.03,affordable_later,wait,2026-07-15:11830.0,2026-07-15,stop:event_19033|reduce_to:event_19075:407|reduce_to:event_19071:407,"**Recommendation:** Your requested amount of ZAR 11,830.00 is not safely affordable today — instead, plan to make this purchase on **July 15, 2026**, while in the meantime stopping expense #19033 entirely and reducing expenses #19075 and #19071 to **ZAR 407 each**. These adjustments will build sufficient headroom above your ZAR 13,600.00 minimum balance to fund the full amount by that date."
request_208,2689842.27,not_affordable,not_recommended,none,,reduce_to:event_19177:274550|reduce_to:event_19176:274550|reduce_to:event_19171:274550,"**Recommendation:** Your requested IDR 4,413,000.00 is not affordable today — you only have IDR 2,689,842.27 safely available. Consider reducing your three flagged expenses each down to IDR 274,550 to bring your spending within a safe range while protecting your IDR 10,470,700.00 minimum balance."
request_209,581.14,not_affordable,not_recommended,none,,stop:event_19223|reduce_to:event_19263:326|reduce_to:event_19259:326,"**Do not proceed with the ZAR 56,914.00 request**, as your available buffer above the ZAR 18,400.00 minimum is only ZAR 8,625.10, leaving just ZAR 581.14 safely spendable today. Instead, cancel event_19223 entirely and reduce event_19263 and event_19259 to ZAR 326.00 each to protect your financial floor."
request_210,1007.33,affordable_with_plan,partial_payment,2026-04-06:1007.33|2026-04-14:352.69,2026-04-14,stop:event_19293|stop:event_19294|reduce_to:event_19329:57,"**Pay USD 1,007.33 today (by 2026-04-06) and the remaining USD 352.69 by 2026-04-14 to cover the full USD 1,360.02 request.** To stay on track, stop spending on events #19293 and #19294 entirely, and reduce event #19329 to USD 57.00."
request_211,625.62,affordable_later,wait,2024-09-14:1788.6,2024-09-14,reduce_to:event_19430:37|reduce_to:event_19425:37|reduce_to:event_19369:28,"Based on your current balance, **do not make the EUR 1,788.60 purchase today** — instead, wait until **September 14, 2024**, when it becomes affordable. In the meantime, reduce spending on **events #19430 and #19425 to EUR 37 each**, and **event #19369 to EUR 28**, to protect your EUR 1,500.00 minimum balance."
request_212,3186691.23,not_affordable,not_recommended,none,,stop:event_19472|reduce_to:event_19473:603440,"**Do not proceed with the IDR 71,934,000.00 purchase today**, as it far exceeds your safe spending limit of IDR 3,186,691.23 and would critically deplete your balance below your minimum reserve of IDR 29,579,800.00. Instead, cancel event_19472 entirely and reduce event_19473 to IDR 603,440 to stay within safe boundaries."
request_213,3362.4,affordable_with_plan,installments,2026-01-21:1165.63|2026-02-20:1165.63|2026-03-22:1165.63,2026-01-07,none,"**Recommendation:** Approve the $3,362.40 request via a 3-installment plan with payments of **$1,165.63 on January 21, February 20, and March 22, 2026**, which keeps your balance safely above the $2,100.00 minimum while spreading the cost over approximately 60 days."
request_214,22388.17,not_affordable,not_recommended,none,,stop:event_19670|reduce_to:event_19750:4395|reduce_to:event_19748:4395,"**Recommendation:** Your requested INR 69,750.00 is not affordable today, as only INR 22,388.17 is safely available — consider spending no more than **INR 22,388.17 immediately**, while cancelling event_19670 entirely and reducing event_19750 and event_19748 to **INR 4,395.00 each** to protect your minimum balance of INR 174,900.00."
request_215,29986.0,affordable_with_plan,installments,2025-05-09:10395.15|2025-06-06:10395.15|2025-07-04:10395.15,2025-05-06,none,"Transfer **ZAR 10,395.15 on May 9, 2025**, followed by equal installments of **ZAR 10,395.15 on June 6 and July 4, 2025**, to comfortably cover the full ZAR 29,986.00 while keeping your balance safely above the ZAR 15,700.00 minimum at each payment date."
request_216,305.84,not_affordable,not_recommended,none,,stop:event_19898|reduce_to:event_19943:44|reduce_to:event_19941:44,"**Do not proceed with the $3,332.40 request**, as your available balance above the $1,800.00 minimum threshold is only $305.84 — far short of what's needed. Instead, cancel event_19898 entirely and reduce event_19943 and event_19941 to $44.00 each to stay within your safe spending limit."
request_217,18179.48,affordable_with_plan,installments,2024-03-19:12889.07|2024-04-19:12889.07|2024-05-20:12889.07,2024-03-15,stop:event_19978|stop:event_19977|reduce_to:event_20043:663,"**Recommendation:** Approve the ZAR 37,180.00 request via 3 monthly installments of ZAR 12,889.07 (starting March 19, 2024 through May 20, 2024), ensuring your balance stays above the ZAR 26,800.00 minimum threshold. To support this plan, immediately cancel events #19978 and #19977, and reduce event #20043 spending to ZAR 663.00."
request_218,30118945.57,affordable_with_plan,installments,2025-08-07:21195893.33|2025-09-04:21195893.33|2025-10-02:21195893.33,2025-08-14,none,"**Recommendation:** Your requested IDR 61,142,000.00 is affordable through a 3-installment plan — pay IDR 21,195,893.33 on **August 7**, **September 4**, and **October 2, 2025** — ensuring your balance stays above the IDR 34,477,200.00 minimum throughout. Proceed with this schedule and no changes to your current spending are necessary."
request_219,1294.11,not_affordable,not_recommended,none,2026-06-13,reduce_to:event_20157:26,"**Recommendation:** The requested €1,673.10 is not affordable today, as it would leave you below your minimum balance — you can safely spend only **€1,294.11** right now. Consider reducing your event spend (**#20157**) to **€26.00** to stay financially secure."
request_220,0.0,not_affordable,not_recommended,none,,none,Unable to determine affordability.
request_221,109800.0,affordable_now,full_payment,2025-11-03:109800.0,2025-11-03,none,"**Proceed with the full payment of ₹1,09,800.00 on November 3, 2025**, as your current balance of ₹2,68,305.00 comfortably covers this amount while still maintaining ₹1,58,505.00 — well above your minimum reserve of ₹81,500.00. No adjustments to your spending plan are necessary."
request_222,34078.0,affordable_now,full_payment,2026-01-05:34078.0,2026-01-05,none,"**Recommendation:** Make a full payment of **ZAR 34,078.00 on January 5, 2026**, which is fully affordable given your current balance. This will leave you with a healthy **ZAR 84,023.70** — well above your minimum reserve of ZAR 27,300.00 — requiring no changes to your current spending habits."
request_223,898.7,affordable_now,full_payment,2024-09-07:898.7,2024-09-07,none,"**Pay the full amount of EUR 898.70 on September 7, 2024, as your current balance of EUR 2,255.51 comfortably covers this payment while retaining EUR 1,356.81 — well above your minimum reserve of EUR 800.00.** No adjustments to your current spending are necessary."
request_224,8463420.47,not_affordable,not_recommended,none,,stop:event_20547|stop:event_20546,"**Do not proceed with the IDR 10,327,000.00 purchase today**, as it exceeds your safe spending limit of IDR 8,463,420.47 and would risk drawing your balance below the required minimum of IDR 22,187,600.00. Consider postponing events #20546 and #20547 and reassessing your budget once your financial buffer improves."
request_225,0.0,not_affordable,not_recommended,none,,none,Unable to determine affordability.
request_226,157000.0,affordable_now,full_payment,2024-12-03:157000.0,2024-12-03,none,"**Recommendation:** You can safely make the full payment of **INR 1,57,000** today (**December 3, 2024**), as your remaining balance of **INR 4,24,180** will comfortably exceed your minimum reserve of **INR 2,09,400**. No adjustments to your current spending plan are required."
request_227,17513.23,not_affordable,not_recommended,none,,reduce_to:event_20899:1180|reduce_to:event_20898:1180|reduce_to:event_20892:1180,"**Recommendation:** Your request of ₹2,59,700.00 is not affordable — you only have ₹17,513.23 safely available today after reserving your minimum balance of ₹62,900.00. Consider reducing spending on the flagged events to ₹1,180.00 each (events 20899, 20898, and 20892) to gradually free up funds."
request_228,0.0,not_affordable,not_recommended,none,,stop:event_20931|stop:event_20932|reduce_to:event_20992:576650,"**Do not proceed with the IDR 63,327,000.00 purchase today**, as your available balance of IDR 36,748,550.00 falls IDR 26,578,450.00 short after protecting your IDR 26,191,200.00 minimum reserve. To move forward, cancel events #20931 and #20932 entirely and reduce event #20992 to IDR 576,650.00 to bring your spending back within safe limits."
request_229,464.36,not_affordable,not_recommended,none,,stop:event_21032|stop:event_21031,"**Do not proceed with this EUR 1,526.80 purchase**, as it would drop your balance well below your EUR 1,000.00 minimum threshold, leaving you with only EUR 273.72. Instead, limit discretionary spending to EUR 464.36 today and cancel or postpone events 21031 and 21032 until your balance recovers."
request_230,3537.6,affordable_now,full_payment,2025-08-06:3537.6,2025-08-06,none,"**Pay the full amount of €3,537.60 on August 6, 2025, as planned.** This leaves you with a comfortable buffer of €5,139.16 — well above your €2,000.00 minimum, so no adjustments to your spending are needed."
request_231,35706.0,affordable_with_plan,installments,2026-01-06:12378.08|2026-02-05:12378.08|2026-03-07:12378.08,2026-01-03,none,"**Recommendation:** Your requested amount of ZAR 35,706.00 is affordable via a 3-installment plan — pay ZAR 12,378.08 on January 6, February 5, and March 7, 2026, ensuring your balance stays above the ZAR 24,300.00 minimum threshold throughout. No changes to your current spending are required."
request_232,406.11,not_affordable,not_recommended,none,,stop:event_21341|reduce_to:event_21399:50|reduce_to:event_21404:50,"**Do not proceed with this EUR 1,970.10 purchase**, as it would reduce your balance to EUR 2,299.30 — falling below your required minimum of EUR 2,400.00. Instead, limit discretionary spending to your available EUR 406.11, and consider cancelling event_21341 entirely while reducing event_21399 and event_21404 to 50% of their current costs to improve your financial buffer."
request_233,0.0,not_affordable,not_recommended,none,,stop:event_21439|stop:event_21438,"**Recommendation:** Your current balance of IDR 19,341,300 leaves only IDR 8,975,600 above your minimum threshold of IDR 10,365,700, which is insufficient to cover the requested IDR 6,241,000 — resulting in a shortfall of approximately IDR 3,265,400, so this expense is not recommended at this time. **Consider postponing this purchase until your safe-to-spend amount increases, and immediately stop spending on events #21439 and #21438 to help recover financial"
request_234,287.48,not_affordable,not_recommended,none,,stop:event_21536|reduce_to:event_21579:16|reduce_to:event_21574:16,"**You cannot afford the requested €1,213.30, as it would leave you €626.57 below your €700.00 safety threshold.** To improve your position, stop spending on event_21536 immediately and reduce event_21579 and event_21574 to €16.00 each as soon as possible."
request_235,828.37,not_affordable,not_recommended,none,,stop:event_21619|stop:event_21620|reduce_to:event_21622:9,"**You cannot afford the requested $967.20 at this time**, as it would drop your balance below your $700.00 minimum — consider limiting your spending to the available $828.37 today and immediately canceling events #21619 and #21620 while reducing event #21622 to $9.00 to protect your financial cushion."
request_236,6569494.7,not_affordable,not_recommended,none,,stop:event_21742|reduce_to:event_21780:451250|reduce_to:event_21776:451250,"**You cannot afford the requested IDR 52,383,000.00 at this time**, as your safe spending limit today is only IDR 6,569,494.70 and your balance must stay above IDR 16,768,600.00. Immediately stop spending on event_21742 and reduce expenses for event_21780 and event_21776 to IDR 451,250.00 each to protect your financial floor."
request_237,23826000.0,affordable_now,full_payment,2026-04-05:23826000.0,2026-04-05,none,"**You can comfortably proceed with the full payment of IDR 23,826,000.00 on April 5, 2026**, as your balance of IDR 100,824,550.00 remains well above your minimum reserve of IDR 22,431,500.00, leaving you with a healthy buffer of approximately IDR 54,567,050.00 after the transaction. No adjustments to your current spending are necessary."
request_238,130.98,not_affordable,not_recommended,none,,stop:event_21887|stop:event_21888,"**Do not make this $663.60 purchase today**, as it would leave you with only $1,218.47 — well below your $700.00 minimum threshold when accounting for your already-committed expenses. Instead, hold off until after your upcoming obligations (events 21887 and 21888) clear, then reassess your available balance, which is currently limited to a safe spend of just **$130.98 as of today**."
request_239,642.0,affordable_now,full_payment,2025-05-04:642.0,2025-05-04,none,"**Proceed with the full payment of $642.00 on May 4, 2025**, as your balance of $1,988.90 will remain comfortably above your $600.00 minimum threshold, leaving you with $1,346.90 afterward. No adjustments to your current spending are necessary."
request_240,23369.37,not_affordable,not_recommended,none,,stop:event_22062|stop:event_22063|reduce_to:event_22129:1245,"**Do not proceed with the INR 1,01,200.00 purchase today**, as your spendable balance is only INR 23,369.37 after protecting your INR 52,800.00 reserve. Immediately cancel events #22062 and #22063, and reduce event #22129 to INR 1,245.00 to stabilize your finances."
request_241,21052000.0,affordable_with_plan,installments,2024-03-17:7298026.67|2024-04-17:7298026.67|2024-05-18:7298026.67,2024-03-03,none,"**Recommendation:** Your IDR 21,052,000.00 request is approved and will be paid in 3 equal installments of IDR 7,298,026.67 on March 17, April 17, and May 18, 2024, keeping your balance safely above the IDR 19,252,000.00 minimum. No changes to your current spending habits are required."
request_242,0.0,not_affordable,not_recommended,none,,stop:event_22218|stop:event_22217|reduce_to:event_22279:18,"**You cannot afford the requested €1,966.80 as your spendable balance (€437.40 above your €600.00 reserve) falls €1,529.40 short.** To improve your position, immediately cancel event_22218 and event_22217, and reduce event_22279 to €18.00 starting today."
request_243,17468.0,affordable_now,full_payment,2026-07-07:17468.0,2026-07-07,none,"**Recommendation:** Make a full payment of **ZAR 17,468.00 on July 7, 2026**, which is fully affordable given your current safe-to-spend amount. This will leave your balance comfortably above your minimum threshold, retaining approximately **ZAR 29,002.40** in your account — well clear of the ZAR 19,900.00 minimum."
request_244,49918.0,affordable_now,full_payment,2024-06-04:49918.0,2024-06-04,none,"**Proceed with the full payment of ZAR 49,918.00 on June 4, 2024**, as your current balance of ZAR 126,279.20 comfortably covers this amount while retaining ZAR 76,361.20 — well above your minimum threshold of ZAR 45,900.00. No adjustments to your spending plan are necessary at this time."
request_245,47938.16,not_affordable,not_recommended,none,,reduce_to:event_22581:2075|reduce_to:event_22582:2075|reduce_to:event_22583:2075,"Based on your current balance of ₹1,60,360 with a required minimum reserve of ₹94,600, spending ₹1,28,500 today is not recommended as you only have ₹47,938.16 safely available. Consider reducing your three planned expenses (events 22581, 22582, and 22583) to ₹2,075 each, bringing your total spend to ₹6,225 to stay within your safe limit."
request_246,64086.0,affordable_with_plan,installments,2026-04-03:22216.48|2026-05-03:22216.48|2026-06-02:22216.48,2026-04-03,none,"**Recommendation:** Your requested ZAR 64,086.00 is approved via a 3-installment plan — pay ZAR 22,216.48 on **April 3**, **May 3**, and **June 2, 2026** — ensuring your balance stays safely above your ZAR 39,300.00 minimum reserve throughout. Stick to your current spending habits, as no changes are required to support this plan."
request_247,0.0,not_affordable,not_recommended,none,,none,Unable to determine affordability.
request_248,863.43,not_affordable,not_recommended,none,,stop:event_22794|reduce_to:event_22795:15,"**Do not proceed with the $1,965.60 purchase**, as it exceeds your safe-to-spend amount of $863.43 and would drop your balance below the required $1,300.00 minimum. Instead, immediately cancel event_22794 entirely and reduce event_22795 spending to $15.00 to protect your financial buffer."
request_249,141.64,not_affordable,not_recommended,none,,stop:event_22873|stop:event_22874,"**Do not proceed with the $643.20 purchase today** — it would reduce your balance to $299.20, falling $300.80 below your required $600.00 minimum. Instead, limit discretionary spending to **$141.64 or less until your next deposit**, and cancel or defer events #22873 and #22874 to protect your financial floor."
request_250,17705.54,not_affordable,not_recommended,none,,stop:event_22981|reduce_to:event_23013:1038|reduce_to:event_23010:1038,"**We're unable to approve your request for ZAR 124,278.00**, as your available safe spending of ZAR 17,705.54 (balance ZAR 64,120.00 minus the ZAR 35,300.00 minimum reserve) falls far short of the requested amount. To improve your financial position, we recommend immediately stopping event_22981 and reducing event_23013 and event_23010 to ZAR 1,038.00 each as soon as possible."
request_251,1513.6,not_affordable,not_recommended,none,2025-05-03,none,"**Do not proceed with this EUR 1,513.60 purchase today.** While your balance technically covers it, doing so would leave you with only EUR 1,134.95 — falling EUR 165.05 below your minimum reserve of EUR 1,300.00, putting you at financial risk immediately."
request_252,6929830.6,affordable_later,wait,2026-09-13:28082000.0,2026-09-13,stop:event_23156,"**Recommendation:** Do not proceed with the IDR 28,082,000.00 purchase today, as it exceeds your safe spending limit of IDR 6,929,830.60 and would breach your minimum balance requirement. Instead, wait until **September 13, 2026**, when sufficient funds are projected to be available — and cancel or pause **event_23156** spending immediately to help reach that goal."
request_253,740.88,not_affordable,not_recommended,none,,stop:event_23237|reduce_to:event_23305:46|reduce_to:event_23301:46,"**Do not proceed with this €2,840.20 purchase**, as it exceeds your safe-to-spend amount of €740.88 and would breach your €2,300.00 minimum balance. Instead, cancel event_23237 entirely and reduce event_23305 and event_23301 to €46 each to protect your financial buffer."
request_254,943.93,affordable_later,wait,2025-10-13:3535.2,2025-10-13,stop:event_23348|reduce_to:event_23384:38|reduce_to:event_23383:38,"**Recommendation:** Do not spend the requested $3,535.20 today — instead, wait until **October 13, 2025**, when your balance will support it while keeping your $2,500.00 minimum. In the meantime, cancel **event_23348** entirely and reduce spending on **event_23384** and **event_23383** to **$38.00 each** to stay on track."
request_255,3345000.0,affordable_now,full_payment,2026-04-06:3345000.0,2026-04-06,none,"**Go ahead and make the full payment of IDR 3,345,000 today (by April 6, 2026), as it is fully affordable and will leave your balance well above the minimum required threshold of IDR 9,813,900.** No adjustments to your current spending habits are necessary."
request_256,163255.06,not_affordable,not_recommended,none,2024-08-13,stop:event_23486|reduce_to:event_23548:3490|reduce_to:event_23549:3490,"**Recommendation:** Your requested INR 218,700.00 is not affordable today — you can safely spend only INR 163,255.06 while protecting your INR 168,600.00 minimum reserve. To improve your position, immediately cancel event_23486 and reduce both event_23548 and event_23549 to INR 3,490.00 each before making any further commitments."
request_257,617.32,affordable_later,wait,2025-11-14:1352.4,2025-11-14,stop:event_23590|reduce_to:event_23670:43|reduce_to:event_23669:43,"**Wait until November 14, 2025 to make your $1,352.40 purchase**, as your current safe-to-spend amount is only $617.32 — to get there, cancel event_23590 entirely and reduce event_23670 and event_23669 to $43.00 each."
request_258,1113.6,affordable_now,full_payment,2026-01-07:1113.6,2026-01-07,none,"**Pay the full amount of $1,113.60 on January 7, 2026, as your available balance comfortably covers this while keeping $990.08 safely above your $500.00 minimum reserve.** No changes to your current spending habits are necessary."
request_259,500.49,not_affordable,not_recommended,none,,stop:event_23823|reduce_to:event_23852:18|reduce_to:event_23849:18,"**Do not proceed with the EUR 935.00 purchase, as it would leave you EUR 434.51 below your EUR 600.00 safety threshold.** Instead, cancel event_23823 entirely and reduce event_23852 and event_23849 to EUR 18.00 each to stay within your available EUR 500.49 spending limit."
request_260,9549147.52,affordable_with_plan,partial_payment,2025-02-06:9549147.52|2025-03-17:42529852.48,2025-03-17,reduce_to:event_23970:589000|reduce_to:event_23896:325850|reduce_to:event_23971:589000,"**Pay IDR 9,549,147.52 today (by Feb 6, 2025) as the first installment, followed by the remaining IDR 42,529,852.48 by March 17, 2025.** To stay on track, reduce your spending on events #23970 and #23971 to IDR 589,000 each, and cap event #23896 at IDR 325,850."
request_261,1830.4,affordable_now,full_payment,2026-07-03:1830.4,2026-07-03,none,"**Recommendation:** You can comfortably make the full payment of **EUR 1,830.40 on July 3, 2026**, as this leaves you with **EUR 2,888.56** — well above your minimum balance requirement of EUR 1,500.00. No changes to your current spending are needed."
request_262,1793185.14,not_affordable,not_recommended,none,,stop:event_24095|reduce_to:event_24160:763800|reduce_to:event_24154:763800,"**Do not proceed with the IDR 9,236,000.00 purchase today**, as only IDR 1,793,185.14 is safely available without risking your IDR 31,018,500.00 minimum balance. To free up funds, cancel event_24095 entirely and reduce event_24160 and event_24154 to IDR 763,800.00 each."
request_263,6109.82,not_affordable,not_recommended,none,,stop:event_24200|stop:event_24199|reduce_to:event_24201:506,"Based on your current balance of ZAR 38,818.00 and required minimum of ZAR 24,100.00, your requested amount of ZAR 51,546.00 is not affordable as you only have ZAR 6,109.82 safely available today. To improve your position, immediately cancel events #24200 and #24199, and reduce event #24201 to ZAR 506.00."
request_264,37957.45,affordable_later,wait,2026-05-14:111300.0,2026-05-14,stop:event_24312|reduce_to:event_24313:1504,"**Recommendation:** Your requested amount of ₹1,11,300.00 is not affordable today (only ₹37,957.45 is safely available), but you can proceed by **May 14, 2026** — to get there, immediately **cancel event_24312** and **reduce event_24313 to ₹1,504.00**."
request_265,45970.0,affordable_now,full_payment,2024-03-06:45970.0,2024-03-06,none,"**Recommendation:** You can comfortably make a full payment of **INR 45,970.00 on March 6, 2024**, as your available balance after maintaining the required minimum of INR 189,700.00 is INR 596,405.00 — well above the requested amount. No adjustments to your current spending are necessary."
request_266,935.0,affordable_with_plan,installments,2025-08-03:324.13|2025-08-31:324.13|2025-09-28:324.13,2025-08-03,none,"**Recommendation:** Proceed with the EUR 935.00 purchase today using a 3-installment plan of EUR 324.13 each, scheduled for August 3, August 31, and September 28, 2025, which keeps your balance safely above your EUR 900.00 minimum at each payment date."
request_267,0.0,not_affordable,not_recommended,none,,stop:event_24573,"**Do not proceed with this EUR 1,925.00 purchase**, as your available balance after maintaining the required EUR 1,500.00 minimum is only EUR 2,148.98, leaving zero safe spending margin once existing commitments are accounted for. Instead, cancel event_24573 immediately and revisit this expense only when your discretionary balance exceeds EUR 3,425.00 (EUR 1,500.00 minimum + EUR 1,925.00 request)."
request_268,1134.52,affordable_with_plan,installments,2024-06-14:841.22|2024-07-15:841.22|2024-08-15:841.22,2024-08-13,stop:event_24680|reduce_to:event_24710:40|reduce_to:event_24713:40,"**Recommendation:** Your requested EUR 2,426.60 can be covered through a 3-installment plan — pay EUR 841.22 on June 14, EUR 841.22 on July 15, and EUR 841.22 on August 15, 2024, ensuring your balance stays above your EUR 1,400.00 minimum. To make this work, cancel event_24680 entirely and reduce spending on event_24710 and event_24713 to EUR 40.00 each."
request_269,0.0,not_affordable,not_recommended,none,,stop:event_24744|reduce_to:event_24805:537|reduce_to:event_24799:537,"**Do not proceed with the R15,490.00 withdrawal today**, as your available balance above the required minimum (R45,307.90 − R23,100.00 = R22,207.90) is insufficient once existing commitments are accounted for, leaving R0.00 safely spendable. To make progress toward this goal, cancel event\_24744 entirely and reduce event\_24805 and event\_24799 each to R537.00 to free up funds for a future date."
request_270,157.62,not_affordable,not_recommended,none,2026-08-14,reduce_to:event_24879:22|reduce_to:event_24880:22|reduce_to:event_24888:22,"Based on your current balance of **$1,935.40**, the requested **$3,028.80** is not affordable today, as it would drop you well below your required minimum of **$1,400.00** (you only have **$157.62** safely available). Consider reducing spending on events **#24879, #24880, and #24888** each to **$22.00** to bring your expenses within a manageable range."
request_271,0.0,not_affordable,not_recommended,none,,stop:event_24925|stop:event_24926|reduce_to:event_24987:1335,"**Do not proceed with the INR 91,300.00 request today**, as your available balance after preserving the required INR 58,200.00 minimum leaves zero safe spending room. Immediately cancel events #24925 and #24926, and reduce event #24987 to INR 1,335.00 to stabilize your finances before revisiting any large expenditures."
request_272,6678816.68,affordable_with_plan,installments,2025-02-12:4709466.67|2025-03-12:4709466.67|2025-04-09:4709466.67,2025-03-16,stop:event_25031|reduce_to:event_25030:216600,"**Recommendation:** You can proceed with the IDR 13,585,000.00 purchase via a 3-installment plan of **IDR 4,709,466.67 each** on **Feb 12, Mar 12, and Apr 9, 2025**, but you must **stop spending on event_25031** entirely and **cut event_25030 down to IDR 216,600** to stay above your IDR 7,508,600.00 safety buffer."
request_273,9642954.93,affordable_with_plan,installments,2026-04-07:5498480.00|2026-05-05:5498480.00|2026-06-02:5498480.00,2026-04-14,stop:event_25102|stop:event_25103|reduce_to:event_25134:622250,"**Recommendation:** Proceed with the IDR 15,861,000.00 purchase via 3 installments of IDR 5,498,480.00 each on April 7, May 5, and June 2, 2026, while immediately stopping spending on event_25102 and event_25103, and capping event_25134 at IDR 622,250.00 to stay above your IDR 18,774,600.00 minimum balance."
request_274,1080.85,not_affordable,not_recommended,none,,stop:event_25179|stop:event_25180|reduce_to:event_25181:52,"**Recommendation:** Your current safe-to-spend amount of **EUR 1,080.85** falls **EUR 1,632.85 short** of your requested **EUR 2,713.70**, so this purchase is not recommended at this time. To protect your minimum balance of **EUR 1,800.00**, you should immediately stop spending on **events 25179 and 25180**, and reduce spending on **event 25181 to EUR 52.00**."
request_275,15884000.0,affordable_now,full_payment,2025-05-06:15884000.0,2025-05-06,none,"**Pay the full amount of IDR 15,884,000 on May 6, 2025**, as it is within your affordable limit and will leave you with a comfortable buffer of IDR 21,322,450 — well above your minimum balance requirement of IDR 12,760,100."
